feature,importance
year_Sophomore,-233.15439440772468
gender_Male,605.4728483463797
age,2202.943054258684
major_MGS,-2503.1035985843205
year_Junior,-4875.034441770992
year_Senior,-6130.183511384636
major_FCSE,-7374.253139785614
